model_name,prompt_key,full_prompt,category,file_name,input_tokens,output_tokens,total_tokens,latency_s,energy_kwh_total,emissions_kg_total,energy_kwh_per_sample,emissions_kg_per_sample,reply,sa_prompt,sa_reply
TinyLlama/TinyLlama-1.1B-Chat-v1.0,VARIANT_1,"Here are nine common vulnerabilities: 
ID: Access Control
Description: Improper restriction of function access, allowing unauthorized users to execute critical functions.
         
ID: Arithmetic
Description: Missing or incorrect integer overflow/underflow checks, leading to unexpected values.

ID: Bad Randomness
Description: Use of predictable values for randomness, which attackers can manipulate.

ID: Denial Of Service
Description: Malicious actions that consume excessive gas or exploit fallback behavior to block contract functionality.

ID: Front Running
Description: Exploiting transaction order to manipulate outcomes before others.

ID: Reentrancy
Description: Recursive calls into the same contract before the initial function completes, leading to unexpected state changes.

ID: Short Addresses
Description: Failure to validate input lengths, allowing crafted shorter inputs to corrupt parameters.

ID: Time Manipulation
Description: Dependence on block timestamps that miners can influence.

ID: Unchecked Low Level Calls
Description: Calls to low-level functions like 'call()' without checking return values, which can silently fail.
Check the following smart contract for the above vulnerabilities. Think step by step, carefully. 
The input is:
pragma solidity ^0.4.24;

library SafeMath {
    function mul(uint256 a, uint256 b) internal pure returns (uint256) {
        if (a == 0) {
            return 0;
        }

        uint256 c = a * b;
        require(c / a == b);

        return c;
    }

    function div(uint256 a, uint256 b) internal pure returns (uint256) {
        require(b > 0);
        uint256 c = a / b;

        return c;
    }

    function sub(uint256 a, uint256 b) internal pure returns (uint256) {
        require(b <= a);
        uint256 c = a - b;

        return c;
    }

    function add(uint256 a, uint256 b) internal pure returns (uint256) {
        uint256 c = a + b;
        require(c >= a);

        return c;
    }

    function mod(uint256 a, uint256 b) internal pure returns (uint256) {
        require(b != 0);
        return a % b;
    }
}

contract ERC20 {
    event Transfer(address indexed from, address indexed to, uint256 value);
    event Approval(
        address indexed owner,
        address indexed spender,
        uint256 value
    );
    using SafeMath for *;

    mapping(address => uint256) private _balances;

    mapping(address => mapping(address => uint256)) private _allowed;

    uint256 private _totalSupply;

    constructor(uint totalSupply) {
        _balances[msg.sender] = totalSupply;
    }

    function balanceOf(address owner) public view returns (uint256) {
        return _balances[owner];
    }

    function allowance(
        address owner,
        address spender
    ) public view returns (uint256) {
        return _allowed[owner][spender];
    }

    function transfer(address to, uint256 value) public returns (bool) {
        require(value <= _balances[msg.sender]);
        require(to != address(0));

        _balances[msg.sender] = _balances[msg.sender].sub(value);
        _balances[to] = _balances[to].add(value);
        emit Transfer(msg.sender, to, value);
        return true;
    }

    function approve(address spender, uint256 value) public returns (bool) {
        require(spender != address(0));

        _allowed[msg.sender][spender] = value;
        emit Approval(msg.sender, spender, value);
        return true;
    }

    function transferFrom(
        address from,
        address to,
        uint256 value
    ) public returns (bool) {
        require(value <= _balances[from]);
        require(value <= _allowed[from][msg.sender]);
        require(to != address(0));

        _balances[from] = _balances[from].sub(value);
        _balances[to] = _balances[to].add(value);
        _allowed[from][msg.sender] = _allowed[from][msg.sender].sub(value);
        emit Transfer(from, to, value);
        return true;
    }
}.",front_running,ERC20.sol,1194,289,1483,54.253416,0.006162408,0.002038019,,,"Here are nine common vulnerabilities identified by the author:

1. Access Control: Improper restriction of function access, allowing unauthorized users to execute critical functions.

2. Arithmetic: Missing or incorrect integer overflow/underflow checks, leading to unexpected values.

3. Bad Randomness: Use of predictable values for randomness, which attackers can manipulate.

4. Denial Of Service: Malicious actions that consume excessive gas or exploit fallback behavior to block contract functionality.

5. Front Running: Exploiting transaction order to manipulate outcomes before others.

6. Reentrancy: Recursive calls into the same contract before the initial function completes, leading to unexpected state changes.

7. Short Addresses: Failure to validate input lengths, allowing crafted shorter inputs to corrupt parameters.

8. Time Manipulation: Dependence on block timestamps that miners can influence.

9. Unchecked Low Level Calls: Calls to low-level functions like 'call()' without checking return values, which can silently fail.

The author has listed these vulnerabilities as being common in smart contracts. They highlight the importance of proper function design and implementation, as well as the need for careful testing and validation to identify and mitigate vulnerabilities.</s>","You are a semantic analyzer of text. Here are nine common vulnerabilities. 
ID: Access Control
Description: Improper restriction of function access, allowing unauthorized users to execute critical functions.
         
ID: Arithmetic
Description: Missing or incorrect integer overflow/underflow checks, leading to unexpected values.

ID: Bad Randomness
Description: Use of predictable values for randomness, which attackers can manipulate.

ID: Denial Of Service
Description: Malicious actions that consume excessive gas or exploit fallback behavior to block contract functionality.

ID: Front Running
Description: Exploiting transaction order to manipulate outcomes before others.

ID: Reentrancy
Description: Recursive calls into the same contract before the initial function completes, leading to unexpected state changes.

ID: Short Addresses
Description: Failure to validate input lengths, allowing crafted shorter inputs to corrupt parameters.

ID: Time Manipulation
Description: Dependence on block timestamps that miners can influence.

ID: Unchecked Low Level Calls
Description: Calls to low-level functions like 'call()' without checking return values, which can silently fail.The following text is a vulnerability detection result for a smart contract. Use 0 or 1 to indicate whether there are specific types of vulnerabilities. No explanations or extra text. For example: “Reentrancy: 1”. Think step by step, carefully. 
The input is:
Here are nine common vulnerabilities identified by the author:

1. Access Control: Improper restriction of function access, allowing unauthorized users to execute critical functions.

2. Arithmetic: Missing or incorrect integer overflow/underflow checks, leading to unexpected values.

3. Bad Randomness: Use of predictable values for randomness, which attackers can manipulate.

4. Denial Of Service: Malicious actions that consume excessive gas or exploit fallback behavior to block contract functionality.

5. Front Running: Exploiting transaction order to manipulate outcomes before others.

6. Reentrancy: Recursive calls into the same contract before the initial function completes, leading to unexpected state changes.

7. Short Addresses: Failure to validate input lengths, allowing crafted shorter inputs to corrupt parameters.

8. Time Manipulation: Dependence on block timestamps that miners can influence.

9. Unchecked Low Level Calls: Calls to low-level functions like 'call()' without checking return values, which can silently fail.

The author has listed these vulnerabilities as being common in smart contracts. They highlight the importance of proper function design and implementation, as well as the need for careful testing and validation to identify and mitigate vulnerabilities.</s>.","These are nine common vulnerabilities identified in smart contracts, as listed by the author:

1. Access Control: Improper restriction of function access, allowing unauthorized users to execute critical functions.

2. Arithmetic: Missing or incorrect integer overflow/underflow checks, leading to unexpected values.

3. Bad Randomness: Use of predictable values for randomness, which attackers can manipulate.

4. Denial Of Service: Malicious actions that consume excessive gas or exploit fallback behavior to block contract functionality.

5. Front Running: Exploiting transaction order to manipulate outcomes before others.

6. Reentrancy: Recursive calls into the same contract before the initial function completes, leading to unexpected state changes.

7. Short Addresses: Failure to validate input lengths, allowing crafted shorter inputs to corrupt parameters.

8. Time Manipulation: Dependence on block timestamps that miners can influence.

9. Unchecked Low Level Calls: Calls to low-level functions like 'call()' without checking return values, which can silently fail.

The author has listed these vulnerabilities as being common in smart contracts, highlighting the importance of proper function design and implementation, as well as the need for careful testing and validation to identify and mitigate vulnerabilities.</s>"
TinyLlama/TinyLlama-1.1B-Chat-v1.0,VARIANT_1,"Here are nine common vulnerabilities: 
ID: Access Control
Description: Improper restriction of function access, allowing unauthorized users to execute critical functions.
         
ID: Arithmetic
Description: Missing or incorrect integer overflow/underflow checks, leading to unexpected values.

ID: Bad Randomness
Description: Use of predictable values for randomness, which attackers can manipulate.

ID: Denial Of Service
Description: Malicious actions that consume excessive gas or exploit fallback behavior to block contract functionality.

ID: Front Running
Description: Exploiting transaction order to manipulate outcomes before others.

ID: Reentrancy
Description: Recursive calls into the same contract before the initial function completes, leading to unexpected state changes.

ID: Short Addresses
Description: Failure to validate input lengths, allowing crafted shorter inputs to corrupt parameters.

ID: Time Manipulation
Description: Dependence on block timestamps that miners can influence.

ID: Unchecked Low Level Calls
Description: Calls to low-level functions like 'call()' without checking return values, which can silently fail.
Check the following smart contract for the above vulnerabilities. Think step by step, carefully. 
The input is:
pragma solidity ^0.4.16;

contract EthTxOrderDependenceMinimal {
    address public owner;
    bool public claimed;
    uint public reward;

    function EthTxOrderDependenceMinimal() public {
        owner = msg.sender;
    }

    function setReward() public payable {
        require(!claimed);

        require(msg.sender == owner);

        owner.transfer(reward);
        reward = msg.value;
    }

    function claimReward(uint256 submission) {
        require(!claimed);
        require(submission < 10);

        msg.sender.transfer(reward);
        claimed = true;
    }
}.",front_running,eth_tx_order_dependence_minimal.sol,500,465,965,76.548021,0.008693808,0.002875199,,,"Here are the nine common vulnerabilities identified in the above code:

1. Access Control: This vulnerability allows unauthorized users to execute critical functions. This can be addressed by implementing proper access control policies and using only authorized functions.

2. Arithmetic: This vulnerability occurs when integer overflow or underflow occurs in the function. To mitigate this issue, it's recommended to check for integer overflow or underflow before using the function.

3. Bad Randomness: This vulnerability occurs when a predictable value is used for randomness, leading to unexpected outcomes. To mitigate this issue, the function should use randomness that is generated from a secure source.

4. Denial Of Service: This vulnerability occurs when malicious actions consume excessive gas or exploit fallback behavior to block contract functionality. To mitigate this issue, the contract should have a gas limit to prevent these actions.

5. Front Running: This vulnerability occurs when exploiting transaction order to manipulate outcomes before others. To mitigate this issue, the contract should implement a delay or lock mechanism to prevent front running.

6. Reentrancy: This vulnerability occurs when recursive calls into the same contract before the initial function completes, leading to unexpected state changes. To mitigate this issue, the function should handle reentrancy gracefully and ensure that only valid inputs are used.

7. Short Addresses: This vulnerability occurs when a contract relies on block timestamps, which can be influenced by miners. To mitigate this issue, the contract should ensure that the input is valid and that it is not relying on block timestamps.

8. Time Manipulation: This vulnerability occurs when a function is called with a low-level function call, without checking the return value. To mitigate this issue, the function should check the return value to ensure that it is as expected.

9. Unchecked Low Level Calls: This vulnerability occurs when a function calls a low-level function without checking the return value. To mitigate this issue, the function should check the return value before making any assumptions.</s>","You are a semantic analyzer of text. Here are nine common vulnerabilities. 
ID: Access Control
Description: Improper restriction of function access, allowing unauthorized users to execute critical functions.
         
ID: Arithmetic
Description: Missing or incorrect integer overflow/underflow checks, leading to unexpected values.

ID: Bad Randomness
Description: Use of predictable values for randomness, which attackers can manipulate.

ID: Denial Of Service
Description: Malicious actions that consume excessive gas or exploit fallback behavior to block contract functionality.

ID: Front Running
Description: Exploiting transaction order to manipulate outcomes before others.

ID: Reentrancy
Description: Recursive calls into the same contract before the initial function completes, leading to unexpected state changes.

ID: Short Addresses
Description: Failure to validate input lengths, allowing crafted shorter inputs to corrupt parameters.

ID: Time Manipulation
Description: Dependence on block timestamps that miners can influence.

ID: Unchecked Low Level Calls
Description: Calls to low-level functions like 'call()' without checking return values, which can silently fail.The following text is a vulnerability detection result for a smart contract. Use 0 or 1 to indicate whether there are specific types of vulnerabilities. No explanations or extra text. For example: “Reentrancy: 1”. Think step by step, carefully. 
The input is:
Here are the nine common vulnerabilities identified in the above code:

1. Access Control: This vulnerability allows unauthorized users to execute critical functions. This can be addressed by implementing proper access control policies and using only authorized functions.

2. Arithmetic: This vulnerability occurs when integer overflow or underflow occurs in the function. To mitigate this issue, it's recommended to check for integer overflow or underflow before using the function.

3. Bad Randomness: This vulnerability occurs when a predictable value is used for randomness, leading to unexpected outcomes. To mitigate this issue, the function should use randomness that is generated from a secure source.

4. Denial Of Service: This vulnerability occurs when malicious actions consume excessive gas or exploit fallback behavior to block contract functionality. To mitigate this issue, the contract should have a gas limit to prevent these actions.

5. Front Running: This vulnerability occurs when exploiting transaction order to manipulate outcomes before others. To mitigate this issue, the contract should implement a delay or lock mechanism to prevent front running.

6. Reentrancy: This vulnerability occurs when recursive calls into the same contract before the initial function completes, leading to unexpected state changes. To mitigate this issue, the function should handle reentrancy gracefully and ensure that only valid inputs are used.

7. Short Addresses: This vulnerability occurs when a contract relies on block timestamps, which can be influenced by miners. To mitigate this issue, the contract should ensure that the input is valid and that it is not relying on block timestamps.

8. Time Manipulation: This vulnerability occurs when a function is called with a low-level function call, without checking the return value. To mitigate this issue, the function should check the return value to ensure that it is as expected.

9. Unchecked Low Level Calls: This vulnerability occurs when a function calls a low-level function without checking the return value. To mitigate this issue, the function should check the return value before making any assumptions.</s>.","Sure, here are some additional vulnerabilities that may also be relevant to the text:

1. Denial of Service (DoS)
- The contract may have a gas limit that is too low, allowing an attacker to consume a large amount of gas before the contract can function.
- The contract may have a low maximum gas price, allowing an attacker to consume more than the contract can afford.
- The contract may have a time limit, which could prevent the contract from functioning for a certain amount of time.

2. Attack Surface Management (ASM)
- The contract may not have proper ASM in place, allowing attackers to access and manipulate sensitive data.
- The contract may not have a secure authentication system in place, allowing attackers to gain unauthorized access.
- The contract may not have proper error handling in place, allowing attackers to exploit vulnerabilities in the code.

3. Time-based attacks
- The contract may rely on block timestamps to function properly, allowing an attacker to manipulate the timestamps to cause unexpected behavior.
- The contract may rely on an underlying consensus mechanism, such as the Ethereum blockchain, which could be manipulated by an attacker to cause unexpected behavior.

4. Insufficient resource management
- The contract may not have enough resources allocated to it, allowing an attacker to consume too many resources and cause the contract to malfunction.
- The contract may not have a sufficient number of resources allocated to it, allowing an attacker to consume too much memory or CPU.
- The contract may not have sufficient network traffic management, allowing an attacker to consume too much bandwidth or cause the network to slow down.

5. Denial of Service (DoS)
- The contract may rely on too much gas, causing the contract to fail to execute.
- The contract may have a high maximum gas price, causing the contract to consume too much gas before the function can function.
- The contract may have a time limit, causing the contract to execute too quickly.

6. Attack Surface Management (ASM)
- The contract may not have proper ASM in place, allowing attackers to access and manipulate sensitive data.
- The contract may not have a secure authentication system in place, allowing attackers to gain unauthorized access.
- The contract may not have proper error handling in place, allowing attackers to exploit vulnerabilities in the code.

7. Time-based attacks
- The contract may rely on block timestamps to function properly, allowing an attacker to manipulate the timestamps to cause unexpected behavior.
- The contract may rely on an underlying consensus mechanism, such as the Ethereum blockchain, which could be manipulated by an attacker to cause unexpected behavior.

8. Insufficient resource management
- The contract may not have enough resources allocated to it, allowing an attacker to consume too many resources and cause the contract to malfunction.
- The contract may not have a sufficient number of resources allocated to it, allowing an attacker to consume too much memory or CPU.
- The contract may not have sufficient network traffic management, allowing an attacker to consume too much bandwidth or cause the network to slow down.

9. Denial of Service (DoS)
- The contract may rely on too much gas, causing the contract to fail to execute.
- The contract may have a high maximum gas price, causing the contract to consume too much gas before the function can function.
- The contract may have a time limit, causing the contract to execute too quickly.

10. Attack Surface Management (ASM)
- The contract may not have proper ASM in place, allowing attackers to access and manipulate sensitive data.
- The contract may not have a secure authentication system in place, allowing attackers to gain unauthorized access.
- The contract may not have proper error handling in place, allowing attackers to exploit vulnerabilities in the code.

11. Time-based attacks
- The contract may rely on block timestamps to function properly, allowing an attacker to manipulate the timestamps to cause unexpected behavior.
- The contract may rely on an underlying consensus mechanism, such as the Ethereum blockchain, which could be manipulated by an attacker to cause unexpected behavior.

12. Insufficient resource management
- The contract may not have enough resources allocated to it, allowing an attacker to consume too many resources and cause the contract to malfunction.
- The contract may not have a sufficient number of resources allocated to it, allowing an attacker to consume too much memory or CPU.
- The contract may not have sufficient network traffic management, allowing an attacker to consume too much bandwidth or cause the network to slow down.

13. Denial of Service (DoS)
- The contract may rely on too much gas, causing the contract to fail to execute.
- The contract may have a high maximum gas price, causing the contract to consume too much gas before the function can function.
- The contract may have a time limit, causing the contract to execute too quickly.

14. Attack Surface Management (ASM)
- The contract may not have proper ASM in place, allowing attackers to access and manipulate sensitive data.
- The contract may not have a secure authentication system in place, allowing attackers to gain unauthorized access.
- The contract may not have proper error handling in place, allowing attackers to exploit vulnerabilities in the code.

15. Time-based attacks
- The contract may rely on block timestamps to function properly, allowing an attacker to manipulate the timestamps to cause unexpected behavior.
- The contract may rely on an underlying consensus mechanism, such as the Ethereum blockchain, which could be manipulated by an attacker to cause unexpected behavior.

16. Insufficient resource management
- The contract may not have enough resources allocated to it, allowing an attacker to consume too many resources and cause the contract to malfunction.
- The contract may not have a sufficient number of resources allocated to it, allowing an attacker to consume too much memory or CPU.
- The contract may not have sufficient network traffic management, allowing an attacker to consume too much bandwidth or cause the network to slow down.

17. Denial of Service (DoS)
- The contract may have a gas limit that is too low, allowingant that malicious actions consume excesses, leading to unexpected outcomes. To mitigated bypassing or lock mechanismions of the function.

18. Attack Surface (DoS)
- The function and security, thefts, leading.
-30-or consensus (Assets to beans. No.comesters:
-block.19

19s,es.
Asic.19s.s.
Accurly,time,1
1,171s.
s
S-19
In-1. Ands,0ms,1,ics andees and1,DoSIIs,1s,1s,1s,1s:ints.1sides andums:1.1s ors
or1s,16sends
or-1s,3s,ions.1signes:s
1sills to incorrects ors togsckets ors orions ors ors andsixions,s1s tos.s
sions ors,s tos,s.s orsgsignes,sients andsignes ors1sistorssgs orsientsgeds insaucoup’ss,senders orswsenders in
sardsgings
silersions ingsenders,sctions ofgsignescsphaldersdersdersgsentsaclesumsents
andions andients ands insices
thanients ofsigesionsgersions orwsientsionsgersientsions orsintsumsionsdsidesctionscksctionsderspaceshesories,orardscksgsinescksavessiesionsumsicesacles
solctionsionsencesicesctionsionsionsionsionsavesdersdingdersgersdingelygingeingdersentsidediateacles:acksentsaclesionsologiesumsumsions:ionsencesicesivesksicesions ordersdersgersments orionsicesumsientsmentsicesionsionsumsionsicesionsumsdersignesightsicesidesaclesionsdershipsicesoriesionsumsctionsumsumshesencesaclesumsoriesctionsctionsaclesiationumsaclesctionsaclesencesionscks ordersicesumsionsisms oriationionsdersionsaclesencesionsionsionsouslyiculumsentsumsdershesctionsiculoriesaclesdersencesgesencesctions pointers:ismsnersionsisms orctionsientsionsientsionsionsastsausicesacesients permission’sionsicsients ordersionsaclesctionsctionsctions orientscibleiationationsilsiationctionsicsients ortiesctionsationsicesiationationsctions ordersicesitiesices orions orders oraclescible orgesaclesionsiculations inginggers oracles ormals or patternsorgersiousions oricul orignationsances orionsionsciesiationiationations oricesoriesities or resources argumentsices orcesionsents orciesationsnerscriptioncibleidingctions orcii orctions orignationsoriesiaeacles to todsentially references orces or transaction orctionsations ors example oralogions orifications or to toces or or orcies or privileges tocesders orcible orentially orrogationsices ororiesacles\< oracles oricesacles or errors gasctions validation or errors or errors violdersacles ording orsingdingaclesacles invalidions adversices errors or viol predictsonyms oronym predicts or violausting or\< orcible oracles orignacles or viracles based or errors or interpre elements or or gasignes or to predict or instructions or properties or violiningningging or invalid or to to tos to to tos violacles too togingices ID: IV orctions ording or violacles orcingningiding orming requestsming or features ororninggingning
using oricing orgress oroidsningming or or arbitrions or or arbitring arbitrting examples or ars examples or test or or toorions
predictationsorden violionsoriesalsories or

cacles arbitrgingting orseroriesaclesionsionsorices orserizingsercedctionsions toicing orsed orsersorserories or or orions orions orances orions ororacles orions to to to to to ors todendingidentionesidesorsidesoriessingctionsseringsories





soroamporiescioriesories toorcinggingctions

orarorcesoracles to ar tociesserides to to to to to arbitr or to vioid or toor toor aso or to to to toto to to to to to arbitr to to toio
ofdenosersed orecible to to to toionsacing to to to to to toding of to
mil or as
oraclesatory
vanarsidesoarbiadencible
block contracts
de arbitr revis
denocioid reiacctionsium
reverse predses
denegoid to revis revers or to to to to to toaroidations orarcingatoratoriaegaclesctionsoid den to to to oroid toio to tooidioating
validories oro toor
oriaeailaign to to to to to to
to to to arbitr
using
to
sions to

identialgingraintely
or arbitr orsing oroids ors
as


or revers or oror
on arbitr to suff argress explocingacingely to to to to to to to to to or extracts or or imp violalsoids or viol violoidarasters ar to to to analyz to to to to to ar to to to to analyz analyz ar or ar or ar to to to analyz arar analyz ar arding analyz analyz viol arn analyz errors IDs
valid
det viol viol: or viols:
or viol ar ar: ar: violia:
ar of of viol analysis ars viol: ar arci interpre ar analyz ident ar ar analyz analyz analyz analyz analyz arbad viol ar analyz arsances analyz analices or ar arbing ar or or a arud ar
to to to to to to ar or araroid arur or ar analyz analyz analyz aria analyz arorides to to ar toeseides to to orser arbitr or ars viol or viol or predict or ar or or violoidias
pred, rejection, or re or or or ar predictously predict oror ar or ar predictarrium analyz or or:predict:ignific:or or orces to to to to to to to to to to toferouslyof or of the or
extractio or to to be orio or or or analyz violions analyz analyz analyzaneacing analyz or or analyz analy analyz analyz analyzoatory to to to to to viol or den or arbitrciances or violatory of of of of violioes or analyz to or analyzions analyz or or to viol:
ident of ofionsiousesices oratoryesacles “badues or violia revis orci viol or violces ors or toides or viol, ofces or violarithions of violions or violances ares violci
badesis descriptiae:



sci or


bad or ar explo to or to to to to to to aresor violace or ev or or arbitr oririaliation, or or revers or validiate arions ar or or or reversions arsioes or ev or or ars ars or or revers orci

ser or or orar or predict or or oratory sliodeoidoidions ores valid or or ores to or or arbitr:
check ar to to to to toan to to to to or on of predict on suffations ore to reoidionance violoid arbitr or interpret or reversoidions or or
e
eoid/orci or arbitr or arbitr evarith or or or or or orions of slioidia invalid arode

eiate evut revers ident revers or unoid/bad viol or or unia contractsergoid





e or or or arbitr or or to re suff ar or igns ev to to arbitr or or to to to to or or une suspects or or uno to to to to e predicts areft or or un or uneft to un or or un or to to to to to to to to to to tooio or viol





or or
front
or or

or or
or
reions un or or













 or
un or suspects
or defect revers or


IDes


eions or identations or prior or to
e ID to to to ID or IDoid
e or ID
ident or ID

ident to to or to to to to to to to to to to IDoid ID ID ident ID ID







or ident or
to or to to ID or to to to to ID or

 IDides ID or






or oroid or or


identoidoid or



ids






or to to to to to or

reio or



 ID or IDoid









or




 or ident ident


idsoid
ident





orudoid or valid or or or or violoid

or




oid Reoidoidoidoidoidoid
or or or or oroido or un or
unoidoidsud
or or



 to to
 or to to to to to to or

 or or fixed oroid
or revis or identions to identoidoid to to to to to reoid sn recon to to to or ID to to to ID
 or



 or









 or








byoid
or


or or

or or or invalid













 Unices or



 Reids to Re to suff to min to perform to unser
or sn
un
un gas or gas un reot minoid minions or minning invalid
to
or minese
unc un violials Uns Falludides Unners or gas neg by


to to
by fall








 or too







gas slnd fall or fragsions fail fall rerog


 or

gas reals Rensions Doeg Rees fra frags fall
to reids fallss

or revis revers sli defects
un un or forward min toft to to to toft toftesunnsftssssss
dogress or to Reions Dorogiftion recon revers defect,ssgress, same, revers to redosssss arssific gas reftdeddingft Re minserdingdediousssic revers revis min defectifics Re
 Reificss or min reors mingresssnosot minific,resnos, revis, minific rect minns minning min, min minific minudny Re Minicted miniac revis Minns min min min min min reftss mindo min revis min minencing revis Minudsud minious min, gas,s, gas min min min, min, min min min gas minns minides min min min or or min or miniled min minics minns minss gas minics mingressoific gas, Mindedged, minss min gas min min or min min or minded, min min min min mini Min gas minughss Min min min min min min min min min min min or min min min min min min minxic minning or min, min, min, min, min, Min min min min min min min min, min, min min min min min min Min minss min minded min min min min minssossopics minorics minudoidsxic minducts min or min min min min, min, min, min Minnsics min minss minminss minud Minop minx min min or min min min min min min min min min or min min min min a min minin min min min min min min or min or min or min min min min A min min min min, min min, min min min or min minx or min min min min min min min min A min min min min Minor min min min min min min min min min min min min min min min min min min min min min min, min min



or min min min min min AS min min or A min
mid min min gas mininor min
min or min ai or min min min min min min min min min min min min min or All min min or A min minoid min min
a or min or sn ID or min AS min or min min min,
 min min min

may or min min in a min or min or min min min min min min in min in min min min min min min min to to min min min or
Min or or
s or min or min on or min min, min min attack min min or min min min min min may min may min min min min Min min min min min, min min min min min minss minx min min min min min slo damage min min min, min min min min min min min min ab AS min min min min n min min min min min min min of minics min min min min min min min min min min min min min min min min min, min, min min min min min min min min min min min min, min min min min min min min min min min min min on min sn min min min min min min min min min min min min min min min min in min min min min min min min min min on min min min min min min min min min min min min min min min min min min min min min min errors in min min min min min min min min min min min min min min min min in min min min min min min in min min min min min min min min min min min min min min min min min, min min min min min minxic min sl in perm in min in mis, or fat min suff min mino minop in minop in ris in min in negs perm leak in permo min in may sloals mayo min may in minns may fault or suff in slo in snop ino min in minics min in min min to min to min on to on on mino min, min inop in min in min or min suff in min in inop in may min, in to min in min in min in min min in min min in min min in min in min in, min, min in min in min in min min in the in min in inopo mino min inop min min in minopo minoopugor minot min in min inop minop in min in min minalminn to mino minals min, minop min, min minopopnor gas min min, minal min, minics in in to n to min, min, min, min. mino mino min in in minopnd minopnopn onns on on on on on on minorminics on min on min, min in min, min in min on on on on inmines min in mino minopo in, min, min, to mino to min to min in minns min in min infns minopns inmino min mino min in mino min in, min in min in min to min, min, min in to min min min e min and minor min, min, to min in min in mino in to minal in , to min, min, min, minop re, minoop min minooth min, minoo mino, min, min, min in mino mino min or minopn minop min, min, to to to min in to min n min min in min min min, to toop on on to, to min, min minop inopns minan min to to min, to, ,, min, min, to ton, ton in to mino min, to, min, min, min, n, min, nn to to mino on ndig to min, to ton to mino to minopo to min tonn to n (mino tooleo to minotnten to min, to minn to min to to to to min, to to minalnn ornopnnotnotnotn in too innnso too, minal to to netoth, to, mino in tooopoaloals inoonsooop on onopopoothootnsootileood onolorduo on on on onoulamotalotoaldoalalald, minalonso in mine to in tolensotning minoaluloth onoalo in mino nole inalals eeleo eoals in minal inalalulion in in minoudoanal min infal, tooaldoalalaldal minaloals in minal, minalo minals minalalooalds minoths in mino in minoal in, minin mino minoopoaling inhy in inoalso minesoaloudoapo minoal mino minesal mino to mino min on on on on, min, minalo min, minal min, on the minof on, ,, , ,alics, inals inals inesningsalals, min,c, in, min, min, gasn in gas, in gas in in gaslealsal, in inalalsoduooalsoalsoalsalyalsalalsoalsesalsalssal. Theoalsesalalrningalningsudalningalals, block, gas,n, in the in the minalulalin the minoalsalnings tos,sal in the minals.eosal in. or gas in the e. The gas.rals to gasesalalal.puralal gasalalsoalsoals in calsalalsalal in Thealalsalalsal,best.under ins in,block,f,utals,prosals, to thes,block,
proving,pros,u.u.un.underudsal.
blocks orsals, thes,in the, in the block.ur.u.ungal.blocksgal,univers,du,underudsle,uals.s, doublesgalals:un.un.gar.under, gas,sleds,le fors.un,unlet.unlegal,pros,sign,ungal,provul,le,block,ever, the,adv.tri,sec,blocks, lesalt,legs,an,turning,in,tri, u,le,u,gl,super,eu,pur,hyper,vis,un,-purul,u,hyper,hyper,until,l,,digs,u,eu to theupunulttalot,super,sololseuolsurularualseuud,universeuuloutsugpaduals,underuvs,superulging,underumuntuvs,boths,blocking,speoroutsions,outs forultscyting,super,duudesulions,talouts,outs,underoutletoutulvisions,underuvsouts,euals,circaneous superouts validialseverion suffiosios,universudsfallsquaendsempionsocionsoutsqueicesions,unsanescreeninganespecultery or artainsionoutsmania augmenting viseu fails for eprov defectsots visions are augmenting spreadsotals ventilinging augmentingions aggregiousingals decreals expressing simsions for irfalls impals, cyop accersacks acceesions sweopsalsottersques roudails digiosetic ars nodioniosious visiousingtingories terminting lunailsingotsiontery spreading canceling rotions circularion circulars expressions ars slieuvertories decures sligingingster expressing sliot confent purum adv ertaineralsion storance camiaumsion nodsories omuntionningingingers revisoals visootiaotia sc aggregingotterseuals digsiaoalsopicsions expressing statistics presentingalsotionningsot omtering omtainingingingersuntionsomiontingoionninginging sweolaismors in the force omudgintainerioerning relsane sliors sco spreading reseu sentions advsentsomionningingninginging visoottergingingotionninging digotninging the resting omory omtery omoryuntiontingoisterialsionginging presenting impactsioussottery tortsopleeriousingterionningingingeraneeuudioningingingingingingerottainscinginginging, luntingoottingeuftgingingionningingotterningingtingeuottinggereuulariousersatoryersiontereuothertaininggingingginginggerioussottingumotgerging, pointingingtery or torootstergingstershiptaineratorytaineranceerodytainsiaeuunttery digertainingingingingingingingpadieeezeeuumssteringerysance or purtainsiacigningsteringersoalsiagenertainsileginginggersiaeuottery orotsteringtainsencetaintainsodysteringsteranceerningingtery ongingingingsterioussaneverersteringsterpadsteringtainsottainsioriontery orergerytaininglingsteringsterenceerance digersteranceothsopingingeeotsteriousinggingesoirtainsfererysteringgingorstandtainsionalgingsiousingpadtainerionteryorilewardinganeousfallingwardingpointinggingtaintainsteryconstainselforatorysteringtainsteryticktainsfertainnessingflowingterygenerologyuncothtainsotiontainsotrdefingspetaintainingtainsoltaintainershipothiontaininggingoortainingheadiousversiousorenttainsfertainsoulteryinfloryginggingversioustainstainskeortaintailtainscessionterterypurteryacttainspeulartaintaintainsterycomputeracterysingulartainsentencestandeticetingcollecttainingspesteriouscuttaininggroundsenferteryvarianceprosecusiontainsuitteryunderspeorfertainsferterysuppsunderforceorheadtaintainsisterorwardssentutorsuitershipmenttaintainsuittainsentanceorferteryundersigntainfertainspetaintainundersigntainsionteryimpertainstaintainsenttainsupptainingorfertainsignsausgingdebterydescutsiousorfertingspetaintalautomterypredioushonatoryfertainsistertainsionfertainspeoundfertingtertingioussolginglowiontingferferstorificationdonfertingtainsystemterybuttainsufertainspeorationorfertainorionfertainingdufertainsigntionnonororfertiondesunderunderunderpassingorprosuppsuitunderpurfordsentclarificationhighordepfertainskeferiousfundappefertingsentunderpurflyspeferfertainsentiousforeunderdufertainsteferfersuitflyfareferferferferfarefarefattionferfarefareferfertainsenferferorunderpurfareferfarefarefarefastforwardoorferginghonetingeffectworthsferificationfoundingwardsunderforeunderforwardorfersuittainspetainsmunderfoundingfoundingfoundpurferfarecessularskeversoeffectinglowfoundingsupptainsuitcesseuunderduounderdueueffecttainselfiousunderpassingvalidentsupporappeactspesentulartailforeforeattentialsuitfarefersuitforwardiousgangentferfergentiacfereticforeelecteuforefaferioushonancesuppsalfarefershipfootappeferferfertainpurtainsoltainsupfulscfertainfertertainsalfersterfeedtainsuppsentexplowsemorwardsemctionessducuttainsemfurterscoporpassorfertingsecfultainsferularsemcuttertainskeeuferteriousunderfultainsferferetterterysupplowfertionunderlowfaredenoferectsuelectoeqelectiousbutstainfulltainsuuresupptainduefoundeffectspeelectiouswhereeuelecturespesoltainslfullductioneforeclareseandulartainsalularsupptainslunderfultaileffectiousexpularerularsupptainingelectingsemwhereoothundertainunderlowsemtainpurtainsemuntarcharoundofertainsuferularfoundingwhereuptaintainslularsalularsigningforeurplescfertainnonplespeafflowforwardententialfoundativewhereuntfoundousflyoferofafteuftentftattularfershipualofersluncanceofuurlowsloferualshfulslunturtaintainofaurferolowlowenturloentularlowsemuntenturetainingfarefteristerofererancesecothoralstererustsilefulshipluothoferosterorstersuitestfulfareferoapprofulenttainoorftainsuretainouncodsuittainnesselowtainoferaftoattionningoorfererningaldtaintaintainslashorestoenturheadfastduorentshipsporferlessooattshipsloorularslothselooroothespleurularoothsuntessatturesolopassopleslunteuursuoplesinisterooriledebualslorooruntsonogentoplesuffileseneuothuntilesteueflyeuscseuftsuoestosustsshipestheoportualsonoslslessualoopountslandeseoplesoltainsslestfulsshipeseheeustelectoreseorodeeuooresegueuslunderhoodsothoorothoonsiooreseandssopleseseheoorentesseseunderloweothualeuenturshipterseneticeteseguotheseheoorureslselenteticentessessualftsessorothothaphistereuothestongsuoattessessessioussingudsftessualeseheftseludessudiousothgingisonoothessualoularoferoftudofulsenularionsforotheyoopoothiousothorudoothuntorountioussenueletalityoothentudentudumousumothouduuressessuralsuueeuoothsenuumscuruduumslunderesealdumscunderothosularsudsuntudeumothentustsumustoularsualurumistereuururualountumurumudessuudoexprsustsuralslurueurustsureumularudustumsuudsustumstausaldeuudumlowausumurudumumustoeuudurustsurudumurgududuurumaurumustsustsnessualuustsuudeumuudumuudustoustoudsudustoudoudualeuumurusueeuudustusustualudumuntausouxudusteuausoftsistereuudumumgausoepoudentualueudualpudsudureoferumorudsualufersualuureooofuonguausoexoondogeyeualdausoudsumorayorudionustsusausoanalialoruumceuruxouruxginghemoroturgingionuxuausiongingoausothphanadualoothsailessualoftofareudoausoorausoorausoorausoorferuotuudoroountuorureorustssloorotothiveoausorudsuntoropyanaliveftsinguotsloralmentificudustsologysloralslivity orsloruoteuftausorallowudessalustoptileorumuntothionningality orsenoruapessesslowesssingausocoreileoausoexoudileguduudueoausoilesudsustsausoothionausountusueoapothionudileanalicedudenteuceountessessessessesslowlowgingoausouryexpessessessessanceoudionssanaliondenslowescudseseoressureoaldeuceoessessessessgingsenionentiontingueeureledseseoududessionopyudilegingessibleeuuduisteressuressorileoessorottedeu oralustsessessoralsailingothionileoalsusurionuruousouduoussudueurueoausationounturuuduuntessessiveoularibleuueoctooriveeuuguectioneuuntesusouseuctioneueuuseuuduoussuesaueurationalustsuraneousevueeuuraneouseuulareuuduringionustaluseuurealusanceeualsurivedalulliveuanceeuatereuudeuatereualsalseuotualessionialionningoalsesureuurialialnessesurustualiveeualsaluseuiveoralalusualileurivalorsaluricesionsurualsuresionsalsionsalusiveeualsionatoryoalsiveurivalualouralisticorureoralionalsureullionatoralustsureualulariousishiveureisteriveuralualualiveledalureustiveeuualularifiedsivealitysivealishionisteriveualion"
TinyLlama/TinyLlama-1.1B-Chat-v1.0,VARIANT_1,"Here are nine common vulnerabilities: 
ID: Access Control
Description: Improper restriction of function access, allowing unauthorized users to execute critical functions.
         
ID: Arithmetic
Description: Missing or incorrect integer overflow/underflow checks, leading to unexpected values.

ID: Bad Randomness
Description: Use of predictable values for randomness, which attackers can manipulate.

ID: Denial Of Service
Description: Malicious actions that consume excessive gas or exploit fallback behavior to block contract functionality.

ID: Front Running
Description: Exploiting transaction order to manipulate outcomes before others.

ID: Reentrancy
Description: Recursive calls into the same contract before the initial function completes, leading to unexpected state changes.

ID: Short Addresses
Description: Failure to validate input lengths, allowing crafted shorter inputs to corrupt parameters.

ID: Time Manipulation
Description: Dependence on block timestamps that miners can influence.

ID: Unchecked Low Level Calls
Description: Calls to low-level functions like 'call()' without checking return values, which can silently fail.
Check the following smart contract for the above vulnerabilities. Think step by step, carefully. 
The input is:
pragma solidity ^0.4.22;

contract FindThisHash {
    bytes32 public constant hash =
        0xb5b5b97fafd9855eec9b41f74dfb6c38f5951141f9a3ecd7f44d5479b630ee0a;

    constructor() public payable {}

    function solve(string solution) public {
        require(hash == sha3(solution));
        msg.sender.transfer(1000 ether);
    }
}.",front_running,FindThisHash.sol,465,949,1414,167.100069,0.018977705,0.006276268,,,"Here are the nine common vulnerabilities identified in the code:

1. Access Control: Improper restriction of function access, allowing unauthorized users to execute critical functions.

Description: The FindThisHash contract only allows the constructor function to execute, which restricts access to other functions. This can be exploited by a malicious actor to execute arbitrary code or manipulate state.

Solution: Ensure that the constructor function is protected by a check to ensure that only the contract creator can call it.

2. Arithmetic: Missing or incorrect integer overflow/underflow checks, leading to unexpected values.

Description: The `sha3` function is used to hash strings, which can result in overflow or underflow when calculating hashes. If the input string is too large, it could result in a hash that is invalid or produce an incorrect result.

Solution: Check for input length constraints and use a more robust hash function with appropriate input validation.

3. Bad Randomness: Use of predictable values for randomness, which attackers can manipulate.

Description: The `random` function is used to generate random numbers, which can be predictable or manipulated by attackers. This can be exploited to generate random numbers that are consistent with known patterns or generate random values that can be used for denial-of-service attacks.

Solution: Use alternative functions like `shuffle` or `array.sort` to generate random numbers that are more random and difficult to predict.

4. Denial Of Service: Malicious actions that consume excessive gas or exploit fallback behavior to block contract functionality.

Description: The FindThisHash contract uses the `transfer` function to send tokens to the creator, which can consume excessive gas. If a malicious actor attempts to send a large amount of tokens, the contract could block the function, preventing other users from interacting with it.

Solution: Limit the gas usage for `transfer` function to prevent excessive gas usage.

5. Front Running: Exploiting transaction order to manipulate outcomes before others.

Description: The FindThisHash contract uses the `transferFrom` function to transfer tokens from the creator to other contracts. If an attacker is able to manipulate the order in which the function is called, they could manipulate the outcome and prevent other users from interacting with the contract.

Solution: Use alternative functions like `approve` or `transferFrom` to transfer tokens in a sequential manner.

6. Reentrancy: Recursive calls into the same contract before the initial function completes, leading to unexpected state changes.

Description: The `findThisHash` function is a recursive function that is called multiple times with different inputs. If an attacker is able to manipulate the function call order, they could cause a state change by changing the hash value.

Solution: Use alternative functions like `solidity` that are less prone to reentrancy attacks.

7. Short Addresses: Failure to validate input lengths, allowing crafted shorter inputs to corrupt parameters.

Description: The `sha3` function is used to hash strings, which can result in short input lengths. If the input string is too short, it could result in a hash that is invalid or produce an incorrect result.

Solution: Check for input length constraints and use a more robust hash function with appropriate input validation.

8. Time Manipulation: Dependence on block timestamps that miners can influence.

Description: The `block.timestamp` is used to determine the time at which the contract is executed. If the miners are able to manipulate the block timestamps, they could influence the execution order and produce unexpected results.

Solution: Use alternative functions like `block.timestamp` that are less dependent on block timestamps.

9. Unchecked Low Level Calls: Calls to low-level functions like 'call()' without checking return values, which can silently fail.

Description: The `call()` function is used to call external contracts, which can result in unchecked low-level calls. If an attacker is able to manipulate the function call order, they could cause a failure or silently fail.

Solution: Use alternative functions like `msg.sender` that are less vulnerable to unchecked low-level calls.</s>","You are a semantic analyzer of text. Here are nine common vulnerabilities. 
ID: Access Control
Description: Improper restriction of function access, allowing unauthorized users to execute critical functions.
         
ID: Arithmetic
Description: Missing or incorrect integer overflow/underflow checks, leading to unexpected values.

ID: Bad Randomness
Description: Use of predictable values for randomness, which attackers can manipulate.

ID: Denial Of Service
Description: Malicious actions that consume excessive gas or exploit fallback behavior to block contract functionality.

ID: Front Running
Description: Exploiting transaction order to manipulate outcomes before others.

ID: Reentrancy
Description: Recursive calls into the same contract before the initial function completes, leading to unexpected state changes.

ID: Short Addresses
Description: Failure to validate input lengths, allowing crafted shorter inputs to corrupt parameters.

ID: Time Manipulation
Description: Dependence on block timestamps that miners can influence.

ID: Unchecked Low Level Calls
Description: Calls to low-level functions like 'call()' without checking return values, which can silently fail.The following text is a vulnerability detection result for a smart contract. Use 0 or 1 to indicate whether there are specific types of vulnerabilities. No explanations or extra text. For example: “Reentrancy: 1”. Think step by step, carefully. 
The input is:
Here are the nine common vulnerabilities identified in the code:

1. Access Control: Improper restriction of function access, allowing unauthorized users to execute critical functions.

Description: The FindThisHash contract only allows the constructor function to execute, which restricts access to other functions. This can be exploited by a malicious actor to execute arbitrary code or manipulate state.

Solution: Ensure that the constructor function is protected by a check to ensure that only the contract creator can call it.

2. Arithmetic: Missing or incorrect integer overflow/underflow checks, leading to unexpected values.

Description: The `sha3` function is used to hash strings, which can result in overflow or underflow when calculating hashes. If the input string is too large, it could result in a hash that is invalid or produce an incorrect result.

Solution: Check for input length constraints and use a more robust hash function with appropriate input validation.

3. Bad Randomness: Use of predictable values for randomness, which attackers can manipulate.

Description: The `random` function is used to generate random numbers, which can be predictable or manipulated by attackers. This can be exploited to generate random numbers that are consistent with known patterns or generate random values that can be used for denial-of-service attacks.

Solution: Use alternative functions like `shuffle` or `array.sort` to generate random numbers that are more random and difficult to predict.

4. Denial Of Service: Malicious actions that consume excessive gas or exploit fallback behavior to block contract functionality.

Description: The FindThisHash contract uses the `transfer` function to send tokens to the creator, which can consume excessive gas. If a malicious actor attempts to send a large amount of tokens, the contract could block the function, preventing other users from interacting with it.

Solution: Limit the gas usage for `transfer` function to prevent excessive gas usage.

5. Front Running: Exploiting transaction order to manipulate outcomes before others.

Description: The FindThisHash contract uses the `transferFrom` function to transfer tokens from the creator to other contracts. If an attacker is able to manipulate the order in which the function is called, they could manipulate the outcome and prevent other users from interacting with the contract.

Solution: Use alternative functions like `approve` or `transferFrom` to transfer tokens in a sequential manner.

6. Reentrancy: Recursive calls into the same contract before the initial function completes, leading to unexpected state changes.

Description: The `findThisHash` function is a recursive function that is called multiple times with different inputs. If an attacker is able to manipulate the function call order, they could cause a state change by changing the hash value.

Solution: Use alternative functions like `solidity` that are less prone to reentrancy attacks.

7. Short Addresses: Failure to validate input lengths, allowing crafted shorter inputs to corrupt parameters.

Description: The `sha3` function is used to hash strings, which can result in short input lengths. If the input string is too short, it could result in a hash that is invalid or produce an incorrect result.

Solution: Check for input length constraints and use a more robust hash function with appropriate input validation.

8. Time Manipulation: Dependence on block timestamps that miners can influence.

Description: The `block.timestamp` is used to determine the time at which the contract is executed. If the miners are able to manipulate the block timestamps, they could influence the execution order and produce unexpected results.

Solution: Use alternative functions like `block.timestamp` that are less dependent on block timestamps.

9. Unchecked Low Level Calls: Calls to low-level functions like 'call()' without checking return values, which can silently fail.

Description: The `call()` function is used to call external contracts, which can result in unchecked low-level calls. If an attacker is able to manipulate the function call order, they could cause a failure or silently fail.

Solution: Use alternative functions like `msg.sender` that are less vulnerable to unchecked low-level calls.</s>.","The text material mentions nine common vulnerabilities, including access control, arithmetic, bad randomness, denial of service, front running, reentrancy, short addresses, time manipulation, and unchecked low-level calls.

ID: Access Control
Description: Improper restriction of function access, allowing unauthorized users to execute critical functions.

Description: The FindThisHash contract is vulnerable to access control, which allows unauthorized users to execute critical functions. The contract is protected by a constructor function that only allows the creator to call it. However, if an attacker is able to manipulate the function call order, they could execute arbitrary code or manipulate state.

Solution: Ensure that the constructor function is protected by a check to ensure that only the creator can call it.

ID: Arithmetic
Description: Missing or incorrect integer overflow/underflow checks, leading to unexpected values.

Description: The `sha3` function is vulnerable to arithmetic overflow/underflow, which can result in incorrect hashes. If the input string is too large, it could result in a hash that is invalid or produce an incorrect result.

Solution: Check for input length constraints and use a more robust hash function with appropriate input validation.

ID: Bad Randomness
Description: Use of predictable values for randomness, which attackers can manipulate.

Description: The `random` function is vulnerable to predictable randomness, which can be used by attackers to generate random numbers that are consistent with known patterns or generate random values that can be used for denial-of-service attacks.

Solution: Use alternative functions like `shuffle` or `array.sort` to generate random numbers that are more random and difficult to predict.

ID: Denial Of Service
Description: Malicious actions that consume excessive gas or exploit fallback behavior to block contract functionality.

Description: The FindThisHash contract uses the `transfer` function to send tokens to the creator, which can consume excessive gas. If an attacker is able to manipulate the order in which the function is called, they could manipulate the outcome and prevent other users from interacting with it.

Solution: Limit the gas usage for `transfer` function to prevent excessive gas usage.

ID: Front Running
Description: Exploiting transaction order to manipulate outcomes before others.

Description: The FindThisHash contract uses the `transferFrom` function to transfer tokens from the creator to other contracts. If an attacker is able to manipulate the order in which the function is called, they could manipulate the outcome and prevent other users from interacting with it.

Solution: Use alternative functions like `approve` or `transferFrom` to transfer tokens in a sequential manner.

ID: Reentrancy
Description: Recursive calls into the same contract before the initial function completes, leading to unexpected state changes.

Description: The `findThisHash` function is a recursive function that is called multiple times with different inputs. If an attacker is able to manipulate the function call order, they could cause a state change by changing the hash value.

Solution: Use alternative functions like `solidity` that are less prone to reentrancy attacks.

ID: Short Addresses
Description: Failure to validate input lengths, allowing crafted shorter inputs to corrupt parameters.

Description: The `sha3` function is vulnerable to short input lengths, which can result in a hash that is invalid or produce an incorrect result.

Solution: Check for input length constraints and use a more robust hash function with appropriate input validation.

ID: Time Manipulation
Description: Dependence on block timestamps that miners can influence.

Description: The `block.timestamp` is used to determine the time at which the contract is executed. If the miners are able to manipulate the block timestamps, they could influence the execution order and produce unexpected results.

Solution: Use alternative functions like `block.timestamp` that are less dependent on block timestamps.

ID: Unchecked Low Level Calls
Description: Calls to low-level functions like 'call' without proper restriction of function accesses toes, which attackers can manipulate.

Description: Description: The `sha39910830 ores, which allows accesses. Description: Description: The FindThisHash,or,orions, whichare. Description: Dependence on accessor.time,s
IDs: Time: Access: Depend's short Inputs forge.s forwards.

Description: The attacking of 
Initiations forest

IDs


IDs
ics

Ideines to theater's
the function, IMSIMSICIC:ents andceptions.ID:sines:signe,s,sIDICs,s,signes orions. Callines:
Accesses ofs orints:ees,2.1 orsignes orsätzices andgs andsigne orgs orctions
orintsions andctions toions orintsctions orctionsgers tocketsions tojections, implementation.signes ors asges toces ors
sendsions ands toges toices tosignes,sgrinalsignesgs,sgsignescesgs orsices
ions orsistorions ingsenders ors asgrindingions injections andmentsions of the
sibrionsgingsfattionsetsaces ingrenders’ arguments inicesbits inksdersdersdersbers insackspacesctions,gsenseionsnersions inces incomes ofgsimicas orctions togresions in theilsbrasillsionsientsentsicesignedctionsionsctionsicsctionsiennesdersignesionsionsors,cksencesinesctionsalsicesgersowsicesaclesicsitiesionsaclesionsowsigesctionsionsicesctionsicesders orgersdersdersacles orkselingelingdersions’sourcejections oraclesaclescibleaclesaclesctionsicesionsionscksendersientsionsionsionsiesgersionsims ormentstesgersillsientsgersionsionsionsicesicesumsicesivesctionsacesionsaclesentsionsignesionshipsiationumscesumsionsgingancedersaclesicesicesionsaclesiationctionsctionsciblectionsaclesentsiculdersicesories ofctionsentsionsionsaclesities oriationaclesctionsionsumsionsumscibleivelygersicesctionsdersdersaclesdersiculdersdingdersificationschesctionsences hintsmilencesacleschasions orcibleeesionsicesionsionsionsicesaclesdersdersions orctionsnersowsalsccessdersionsionsctionsaclesiation ordersctionsctionsaclesionsiation errorsoidionsacles orctionsiationionsationsicsicesities orgersppingsizingions arbitrions orents or orationsizesils ornersaclesudesgersding oror commonions “or orctions orments orging oriculationsationsciesions oriateionscies orctions orciesiumsices or aggregmals or requestsations orging orionsaclesciblecibleciding orctionsiculelyentially or ororatorycies oracles orcibleciesctions or violators or signals oriation violiation orignsacles vulner or to totes or orients or or to to tocible or implementation vulnericing orions oratorionsognersifice ortesicesaclesices or errorsium validation validater errors or errorsationsctions orsed orctionsignices oreing orausaus invalid viol or augmenting ortescii or predict or arbitr orsersseracles inonymouslyxic analyzions arbitr or revis or violious or gas analyz revis analyz or requests or to to or arbitr instructions or missing or errorsizingtingningning or neg to to to tos to totesoidsming to toiding or arices oroning orgressions orories indinging violacles revis or errors commandso or tomingginghings
identor oronions or violiae validning or reverse or revis on arming errors gas predicts commonop viol instructions
 oror errors to

predicts
oracles to to toon


ordingsergress arbitrced
orcible arserories or viol predoidor creating to to meaning predictso providing viol providing providing causing accessing accessing revenacles oracles arbitrserseres revers to to to to toto toor

oror aseor tousingto


usingshororor to
or
orousingor or or to toreserions
to to to to to to to
 to arbitr or
to to or or or or predict to to to to to to to to to toor to to
too
ofia

or arbitria to to to toioacles or toories to toacles toof arbitr reversarci arbitr
orencing arbitr reverso
deso

re to
re or
re
valid



denionsions recio ar
re
or
agices or
to revis

to to to to to
identations

to arbitrator
to to to rejects to to to to addressesor to to
re
reoid


or or to
or
prevent or
to to to to to min
to to to to
to re to arbitr
sol
prov
or arcing or
or
using oricing or
reio


with as as
or or or
 or or or re or augment
or arbitr to to to to to to to to to to to revis identify
or analyz viol violsoid analyz violciign ident arbitr arar to to to to to to to to to to to to to ar or or analyz viol analysis or viol: to analyz analyz analyz ar viol ar

 viol viol to viol ar viol ar ident analyz ar

ar or: viol arices ris: arbitr ar ar ar or ar ar ar
bad

 ar of

ar


detsing ar ar ar ar ar ar to ar or ar
ser ar ar viol ar
ar analyz analyz
de analyz ar arar ars ar or ars ar viol or ar to to to to to ar ar to



ar ar or ar anal ar neg arar ar ar to to to or or ars to to ars arusing evalu arbitr or ares or ar or or are
using viol

arar




using ign re


bad ars using aror or ar or arbitr: ar: ar:
toories to ar to to to to to to to to to or arar of of of or toaroid or to to to to or or invalid ar or arbitr or or analyz arbitr ar viol arar or or or invalid or analyz arden arbitr to to to to to arbitr arar viol arar violarignarar of of ofar analyz arar ar ar to arar analyz arbitr ar to ar evalu ambigu arbitr of ofci ar explo arbitr revis crypts van revis und arbitr viol or vir violarauso viol van or arbitr analy arciar ar arbitr arof viol violor explo of of ar arar or revers predicts or arbitr ar sab viol forb revers integr to to to anal invalid or aring viol augment or revers or ar or to sli ar to to to arar


or pred
integrar%ar arbitr aroroid
prov arbitr or reverse ararith ar
re arbitr arbitr aror arsor
ar or revers
ar arbitr


proar
or
or or arbitr or arbitr ar to predict or
sin


integrs
or revers or explooid to to to to arso conto to to to to to to to to to to to revers arbitr arbitr revis reverse revers or to validation to to to to reverse or
for or predict valid




numer
s viol or or revers or arbitr or or ars or rejects or arbitr arbitr
of



gas
ar
subst sub

s
re pres in
bad: or
to

v
re
math
system


poor ars or
with or
re revers or
with ris
or to to to to to to to
an e
s or predicts to to to to to to to to to to to
un un

ununun unor unor to to to to to to to to to to to
and ar or or un

 or suff

inter violo viol or or revis: un or thesor
may the ID or
shoid violoid preds
 or ident arbitr sli or faults to
the IDs or
or viol ID
 ID


shoid IDoid

or forward arbitr ID or to reverse ident or to to to all IDudids ID IDoid ID ID ID ID or identoid ID to to to to to to to to to to to to to to ID to
 ID
 ID or ID ID or or ID or ident or ID or: to aroids ID ID to ID to to to

ID or ID ID ID IDoids ID or IDs or to or tooid the oroid IDoidoidoidoidoid identoidoidoidoid ID IDoidoid or ID or to to to to to or IDs or or IDoid IDa or or ID or IDoidoidoid ID or ident to ID or or or or or the

oid reject the unor oroid or IP
of of or or of of arids or ID or ar or
aud revis



 oroidoidoid theoidoid Signoid oroidsoidoidoidoid of of oftao of of of ofah oroidaoida
oroid or IP
 to to to to to to to to to to theoidaudoidaoid
shoidoidoidoidoidoidshoidoid sh to or to to tooidoid toata tooid or to the sha shoid or or or or the Soid Shesud Soid or S or shoid or the as as the Shoid by Sh by or or Soid Sh Shoid as Sh shoid to on on sh on shoid shoid or shoid or shieldsoidoid sh Sh sh Soid Shsh Sh sh to shsh to to to to shshsh to shsh sh sh shor shsh Shoid Shud shace Sh shodeses shor sh Sh Shoid sh sh reject sh sh shift, shes sh the sh shoid sh Sh sh sh shor sh sh sh sh shop sh sh Sh Sh Sh Shot sh Sh shes Sh Sh sh sh shudshoid sh sh sh Sh sh sh sh shudoid shudshoid shuaus shul Sh sh Sating shsh sh sh sh sh shrog shell address sh sh sh sha sh sh sh shshent sh of of ofof of shotudot shsh sho shes shalog to sh sh sh sh Sh sh sh. sh shisis.sh shrog shes sh shine shud sh shacles shsh sh shes shign shign sh sh sh to sh to sh sh sh sh sh or to sh sh S sh sh sh shud sh sh sh sh S sh sh oror or or shodes sh sh sh sh shulated shush Sh sh shot sh sh sh sh sh sh sh or sh sh S shential sh shignud Solud sh sh sh Shential sh sh shird sh sh sh or sh sh sh or sh sh sh shor shor sh sh shshes sh for sh. Sh. shur sh sh.shud shudoid sh sh sh sh trans to sh shsh shsh shshsh sh sh shud sh sh shic shential shsh sh.
sh sh sh sh shud sh sh sh shshsh soloid sh shud shsh min sh shaus sh shud shumshug shud soludsh
sh shsh shft min shsh sh Solic.shird.soli.shird sh with sh Solice or sh sh sh shesacles or sh sh sh
sol Sh.shsh shics sh shshnsnd
shud
shuungirdesilrd
Trans Fall
solft Transuilirird shalftese Soloilirot
shiug
soliate
transiirdescii shiftudift
soli creuopudor,Soludftulul the same the slicuirds contracti, to sles trans sh
solsor shes shentesals minicft of sol slsalsesftisoleesoides or soli sh
soli blocke
shialsi
solindoid




soliir
soli transfer miniales
soli


of or min mini transfer or transesogi solift trans trans
calli transoids transi min shesoidindentfti or shifto addressesor ores transor min callowdiri solidialsshe trans transi Sho mine mini transfero she
Solir sol min she Solnde
sole shi shessolirir minan ciodiilia solidu ifaaa sha if if ifnda sh
 sh solid
iirald Solesanalsan

shaalsa sha shellsaa sha minalsi sha
shi

sha sh shahor


sh



 sho shi shions callidesi min shics
sh
shesnsiai
shiugsh
shialsi
shsalseshsud mincnsccs calls c creck crecks
sh
she
shcnsnshesshinsoidning shouctndc cre cshsndiir shi minin minim



ori min min minshnn call
or minor calls calls


sh.
solns.
.
shi
solinsnsudnponndesudn
call
sh on on on on on on on on on onnshi. minns.min. on on on on on on on on on on on ontaesnsentatwnocks
Calleuntoaticeudemssesould calloud callaticisseonsesonsesftud shoudickipto callnsocing onnsinsesnsons onnsiruntopysnsulu Calles:shesnso shoptiysophan call call shieldsptshshshesumshshign shesignmingesugssesshnud shtainsshn shtains call sheenucug shignes Shes Shign shud shudushshunt shesnshi,shes shaignucreionshoshesioncremingshesningshignsheenshaudshnignsingndshshndns.shiudshiens,shnshdudnsshnsemudnudnshoningndshwnnsheenuddendndendent byddudedudenndenndenndnshny shmin,shnarular Shumng shminnd shnshnshnshesnsesopshesopugshuntudterndeseundnudnshenug of ofudtaeshudnsh of of the shesud shud shud shes,shesudnarndesudensens shoudentudesisudud sheuududurudonsussh shudshs minndshesudionosens shorseses shhsanshes shesotshshourns shes shesudndndshes shudshoftoshswnsndnugignsnses Sh shoud sho shnsfto shshft shshoft shshshsotshwnshshft shes shsshshnsudshshftshtersoft shshurshessh shan sh shshesxtshsh shsh shesftshorsh shshes shshshshshsh.sh.shes shsh sho shsh shshshsh to sho shsh toshshshoshshensanan solshsshnshft shshes.sh.shesshshshsh shshshshshsheshesshshes shshsh shshsoloftshftshftftshftshs withshftshftshshftashulftsheursheftruoftwnowntesoftxtshshftshorashftshsolshshicssolftshshsol shsolnshufticsfticsesinesuftyftftentshftftesftftsolfteftsolshoftsftftisolenftsolgsoliftshuftftgftsolftsoleftftoftuftfteftsolisolsheugshesurshsshsheshshsheesshftsol,shshes and and shsheftsshshes shsoleshshensoshshoftminfuftshshshixtsshsfty shesftshesfuions.shesftshesshoftsshe solesshoft,fuftshesfshsolo minsolo shsoli shmines minessh shshe min.Send shes shshe shsives shshshshshingshin sh,mines andshshshssolsshshshshshionshes shs shshshshshshsh fork she shfall sh to tosh shshshi shsh shshshshshshshshshshshi transfere shshes shshshsh Sha shshshshsh shshshshshshshshshshshshsshsshshshshshshshshshshshshshshsh shshshent shshshes shsh,sh,sh shees fall shs shshes shshshshsh shshshshshshshshshsshsshshshshshshshshesshshshshs shshshshshsh shshsshs shshshsshsshshshshshshshs shshsshsshs shshshs shshsshsols.shshsshsshshsshshshshshshsshs, shs for the for for min shshshshshshshshshshshshs for for shshsshshshs clasatts shs cres for theshs shs the min shshs cresshsshsshs forshshshshsshs shsfallsshsshshshsshshsshshshshshshshshshshshminshshsshsshshshshsshs shshshshshshshshshshshshshshs shshshshs shshes shshsolsshsshareshshsershsalshshshift minshfalls for archesfalls shsan for the arching fors for minfallfalls for swe for sept forsfors forfall for the minfalls cards forfall falls for purspes advs chentglassfall,undershsfortunsbestsharpstsblockswardspurstreultssersergestsseriosincomingundenshipscywillcollectssercingfalliongangsothfallsserics spreadserfallgangssertainsmegtainfall,purgangsence,performingconfensignsmania sweeualsentspersionsersterglassesultsferfallsversiafallingbestouts pursingipseu mincingcollecting purunderfalleu mincingpurides min pureu minfalls digsinstimpionsecinsenturesvariantsfallsversailsunderunderfallingfortorsendsfalling slifallsocionningconsunesfallsfallsunderheadsfererspenversendscommunic min to minicingforempverseu minverscingunderestimporsfalls,specificsalsignesversingfalls or mincesfalls suffions revisions advsignesalsicesdepailsforeesfallsclerionstersserionsailsfacionspeuria undersendswormania reviseesfaceticversent confsailsfallspadfallsions declscedstainsclercinggangsunderwardsvariersuria slipurcingunderfallingsharpfallingexpressions slicounteringconfemptsversionsempcomputingpersiosconfstersmadsheuadvconsalseucesversergigningminions accumignesudsempignsvalidsingingvaricivirtelectingglassingeffectingbestinfercutsheadscopions interprelogsversheterseuimpercictionsempimpheadsfoundingcomputingcutssersterfallsfallspadpredictionsbestexunderfallsconfgalcycollectingorgroelectsscrinstunderminesthonwardsfundingdigeucircunderwardsdecscrcollectingversinsunderheadsminingminfortionseccomingminorientingpredictingcircingpadunderbestversvarihetexpressheadcuttingversprovimperingcirgressimpverscutginghonesscutsinularpuriousvariesccollectoutsconscollectingcirchoncomprovescimperingcollectingcollectesprovunderfortessdeppurstandardbestinsthoncessigningeffectsminhonworvalidtainspedebpadingcomputingminestor diggingheorworwordeppurtainspeconscollectingorcollectinggdigverseugrandvariionwormindigoralpurferelectingaroundhandgenelectpadcutsunderheadsworcutsterheadsanpresentorbmissignpadspegenderestciunderbesteygangtalpredictinggangsunderunderheadmouthprospurfortgentslanthontainsemffectesconsignworpurdepspegangspegingishessuppsanspecesseesversiousandworconsheadsheadinghonferforterdsigningmastepadskeconsciouscircheeucomputorscrstrudigspequaorbtainsenshonetingdeciousdepescimpconsversorgroelectiousfefergangsscrferspeconsunderwardproselectiousingdeundergangsentscrwindsignishlegtainspltainsentelectsterpotishorgroundstainsprorscrsecignspetainspetainhontainsarchscrscrsuppsupptainspurglassdesdebterncollectingadvhonigncutsenenthtailworcomputescslanthistorforehonstersupptainsolsecircosegenermastescrtainsenscrlowsettworgenercheversimperorvalidtainconsaccvariarchcutsalcirchonconsclarignunderdepfoundhonarchunderlethonarchworgrandsuppundersolesignundertainsdeppurcomputhemorbspevariverseforspesentpresenttainsentersquaresuppspeorworimpertailingsoltaindigsubstprosfreversorbettercirceseunderhonferdebheadskeclarificationeffectishgarslantshestrecycbestskeprohonunderscrtainsupportspesheunderaroundsverssersupphonscrsoleworstudsenstorimpercircwosignspespepromginghonserpurforepromspesentversconsundereffectsbestsuppconscollectorsteorbestsuppsemimpertainsvirrespondpurspeundereffectssersignpurpurtainsplsuppsupparoundfundcutsentainsupportsolspepursuitadvcontainimpundersheandcollectsupppursercollectworthtailhonancepurclarancefrefoundlikelyalsohandswscrappeplusunderbutconsbestpotistercutsenpurturnappeheadspepassimpertaindissoleblocksuitsuppspesentunderdepspedishetainsbestsemthoughsuppshecollecttainstocksquaresemtainsingstablestesuppwidsuitdisdebsptainspurfoundsuppsigndupurstandardhonturnsteworsemsentdessimperunderdebimphonpotgangsalsignpurcircoussuppsdebunderpursuppunderdeldisandfreversfoundmastesupphonduorturnsuppsemfercutsolrespondstudsupimpsuppsblocksuppsuppskeprogenertainsupspecutspedufursuitblocksemstudskecutsurpurtainhonducorrectsemhonfersuppdendisgardusecsuppcorrectsemthanundersupphoniousstrudecundercutsemtainstockpurworcorrectpurdudeepdublockerstheorbutishhoodsemcutsmdupursuitimpdepunderdeepfulldevpurdigdigpursteorcircishishishesehonentslpromsnduforecircothdelbackducrossburysuppsuferorfeedsupptainshegrandcircishfulsaldupothonferfaconfsuppsenflowsalstrugangsiniousarounddeforeforwardfaforeunderdudupurfrelowslsuppduunderessstruconsignsentduforwardslslfullsuferflyspesinchestersersuitstacksquarefuntainsuppsenteffectosdepromsmsentfollowsuppsentduclariousunderstercutsuppdesccutslprovundercomingscrattsupptainsingsinsectunderdogdeturningsupptailtersupptainsuntscsalfoundgangscsemattslfundspeshedeshemslexpressoctslsalwherebutsterfoundesssuppshesuppbutscounterdeshelantdepsoletailsemundersentdepsenaurslanthonurfindsuppsenterybuthemaireputsheexpresssctainsemsignssemwheregroundsenistacutshesolgingheauscutsintertainsfertailcutsignsoleduexpressionalcutsaltainspesolsenordepcutsimpattsupheartfoundalityslsentishhoodshehigherfaceturnsingdeswardeffectivesemsignesspurfareftfertainsenttertertainfoundorcollectorforwardtainfoundhementterginghoniousconsenferiousattfertainsferorferfaretingferferfertainsuppaltemswsemnonandferferferferturningfastfootunderunderwarddeepfundingfererowhelectsentlowfeedcutfarefersupptainsenuresentwardsuppishanyfoundionsssentundershprovunderhosecioussferessferslsfergeststurnanferfareferifiersenfersworflysmsupporfertainsistercovercutsaltainsionteryturntailsingforwardtainspesionsctainhonasticfoundfuliousgslorselectflycutsalcomingslfastfastshpurfarefarefareshipslalsounderfulshsbestheartslalsounderspewardsslalsowardspurorslorsporaussheslscutsalstrudepurturnpotishheurappslcutsmdeporbacktainingandbackfastblockslspeworthtaintaillowadvhegesttailpotightslattorfoundishisonorpleordiganalisterorbacksingorimpostlowimpionswfamilyferismimptainingdisvarappaurorballbutdoingattferorpassorientorbloancefastheadsenificationaroundheadsmalsoheartpurtoodisanyappeforwardfastslsuppsenofullishorferpotfulpotistanbloorarrowsemunderhoodsuafforattfattionailingheadballapporalballbacksferionaybacksburyausoanalightbloatoryferanceartpotalityscrheadsinentfarefteffecthonationoconorferaferatoryausworthailoonorballfastpurificationattionterslfulausheimantaussoleunderfulailingoraushandstaintailfareorausishfulpurayslanthandswappeattoralprolowaushoaussausfulaushoodsinausodysemisteroralessausessecisterdualducttainingslaausororausoausingappausoassailingadausheausgarureunderhoodsalandaurassessothounderwardsandunderheimaballsferorpassiveslpotualsinalaushonaldsferausaurferslalduvalidaushonausoandausfulaslausheimausfulausionausofindingfullwardslorientalauswellspeorausalausoausauroraurfaultsfaultsausunderhandsausespausalaushemausorausewausingandausalferoguorumanalongandaushoaurattularfualodeppotodyduandaushonentialfunishfulanalionativeimpodysloandauropanudoraclesuunderhonumfultainfulaushonumphofulauriveuferoropassiveauressaurausworthoausofuldogoonausiveoheongheophhoodsisteringorurunderfulspeionterorferalusausfaregeruferistfulgingjonganalistightanalightingpassionferginghephaniousheogangistfulsuitoralunderishheoundergoingooraltisonoishowingvalidivedigingattslunderishisonorhestainingheohonustsorportiveoigninglowsoroandothhussingounderfulsingounderheadspanustnessodymentiousphlasferoandphoroorferohonustsferoeseoalityslashophdogionslalginghonodeausingalityslivehighivecontainingslashionmissionsliondenlausausessenustsausinglowsotshonessoausuntopassiveoeyionbleslashalitylowtainishalitysferoonialingalsoesehonionionsonionmingialtingdemdogionteningimmidensingionausingdenmingningalionnessesgingowfulslalialalottedfionlasdogificeoductionorialtingledssinglesseyohemteryloferionteryconuntiontingewsologyduaururehemailewstaineseweroyesferginggualingcularionkyhooeelectionteryloiontinglingfare orstedgingalferlosalingoailoonertherodentedsoletentainheteryduoeldsferfefererfareningointegrionlostionningalningolostunderishalductsdenningoiontinglowlausductertainstenninganyowoonesslosthoerdepanferinghoodsingoonanalificeexpionthertainingishaloralprovifiedhonioushonureductionolosthonoralserifiedhonaneousdufernessfareferductfaretereualdduivedhardionferteryandfareferoralorientingstrualurewallingworthfarelosalureledoralforehemlausferrantorledausfareleclarionlowhoodspassiontherexpressingworthsintegroralinglostorworthwallwallpotouausworthulariallowularionterlosightrantwalloralitylostionringalmingiousishalctionsorilebutowtaininglostishhonanceorlosthonoriveclarificationwithoutowalanaslostalsoightorularialsrainiveanalivedintegralularionteryloworwardsaltherorwarularaliousunderhooriveclaionteryarealiousoversorfare orspeodyvariorstoriewbothingdensialsillive orsausfulionatoryorananasstockoriouslostworthwallswselectiveelectiveorwardingororwarewallororuntvariorartivedunderwordingorwallsworausivityaausodyorausivevanousaowedorauspecorailality oranoraloranorausalueanananalilyoriveausalentiallostishohoodsunderwardlowessstorightestewstherorrantwallstorialslavanaliasalsewssentewsowedsoleiveoriveausoalingsenorausionorausesouterausingoraushemororororausfuliveaushoniveausworthaushooraushoausionariantainhoodwallplalegiousalivedbasedaliverivedpotishalisteringbutowiveancertainhoodsivedlostiverouteriousalailfulivealiousowaclesourausivelectiveauriveorioushooriveaushouriveorivedorausworthiveaushingauroruranivedattorappordemowedssiveausivealogiousishodygateiveaurivedwallledeuveriousowiverordemioushoodularresivedorivedanivedorivestandiousaliousalowedterrumurocoveroraclesororaltheranoraniousfulureivedemiousishowiveterivectowedoriveterrainiveauriveauivelediveriveunderousivewarivelediousaluroorivevoriveledanorivectoivectiveauriousoalteryorausiveausishalisteriveausivelyiousioniousoionaliveiveriveaurorullorilliveranciousoriontainingiousconiveausiveriousperiousiveriatelegiousbutilyiveausishongiousaliousfuliousheaniverivealiveriousunderilyiveverterioushoivelegiousivealusoriveriveoriveroriveausodyreliveveriverivepaniveauriveledgingconivepetiveausowwartingivewiveaurivealtivewardishfulrantingwichivew"
TinyLlama/TinyLlama-1.1B-Chat-v1.0,VARIANT_1,"Here are nine common vulnerabilities: 
ID: Access Control
Description: Improper restriction of function access, allowing unauthorized users to execute critical functions.
         
ID: Arithmetic
Description: Missing or incorrect integer overflow/underflow checks, leading to unexpected values.

ID: Bad Randomness
Description: Use of predictable values for randomness, which attackers can manipulate.

ID: Denial Of Service
Description: Malicious actions that consume excessive gas or exploit fallback behavior to block contract functionality.

ID: Front Running
Description: Exploiting transaction order to manipulate outcomes before others.

ID: Reentrancy
Description: Recursive calls into the same contract before the initial function completes, leading to unexpected state changes.

ID: Short Addresses
Description: Failure to validate input lengths, allowing crafted shorter inputs to corrupt parameters.

ID: Time Manipulation
Description: Dependence on block timestamps that miners can influence.

ID: Unchecked Low Level Calls
Description: Calls to low-level functions like 'call()' without checking return values, which can silently fail.
Check the following smart contract for the above vulnerabilities. Think step by step, carefully. 
The input is:
pragma solidity ^0.4.2;

contract OddsAndEvens {
    struct Player {
        address addr;
        uint number;
    }

    Player[2] public players;

    uint8 tot;
    address owner;

    function OddsAndEvens() {
        owner = msg.sender;
    }

    function play(uint number) payable {
        if (msg.value != 1 ether) throw;

        players[tot] = Player(msg.sender, number);
        tot++;

        if (tot == 2) andTheWinnerIs();
    }

    function andTheWinnerIs() private {
        bool res;
        uint n = players[0].number + players[1].number;
        if (n % 2 == 0) {
            res = players[0].addr.send(1800 finney);
        } else {
            res = players[1].addr.send(1800 finney);
        }

        delete players;
        tot = 0;
    }

    function getProfit() {
        if (msg.sender != owner) throw;
        bool res = msg.sender.send(this.balance);
    }
}.",front_running,odds_and_evens.sol,620,544,1164,101.040481,0.011475423,0.003795129,,,"The vulnerabilities detailed in the nine bullet points above are all related to the smart contract's access control, arithmetic, denial of service, front running, reentrancy, short address, and time manipulation vulnerabilities. 

The Access Control vulnerability allows unauthorized users to execute critical functions, leading to unexpected values. This is achieved through the implementation of incorrect restriction of function access, allowing unauthorized users to execute critical functions.

The Arithmetic vulnerability allows attackers to manipulate critical functions by using predictable values for integer overflow/underflow. This is achieved through the use of improper restriction of function access, allowing attackers to manipulate critical functions.

The Bad Randomness vulnerability allows attackers to manipulate outcomes before others by using predictable values for randomness. This is achieved through the use of improper restriction of function access, allowing attackers to manipulate outcomes before others.

The Denial Of Service vulnerability allows attackers to consume excessive gas or exploit fallback behavior to block contract functionality. This is achieved through the use of incorrect restriction of function access, allowing attackers to consume excessive gas or exploit fallback behavior.

The Front Running vulnerability allows attackers to manipulate outcomes before others by exploiting recursive calls into the same contract before the initial function completes. This is achieved through the use of incorrect restriction of function access, allowing attackers to manipulate outcomes before others.

The Reentrancy vulnerability allows attackers to rely on input lengths without checking return values, leading to unexpected state changes. This is achieved through the use of incorrect restriction of function access, allowing attackers to rely on input lengths without checking return values.

The Short Address vulnerability allows attackers to influence input lengths, leading to unexpected state changes. This is achieved through the use of incorrect restriction of function access, allowing attackers to influence input lengths.

The Time Manipulation vulnerability allows attackers to manipulate block timestamps, leading to unexpected outcomes. This is achieved through the use of incorrect restriction of function access, allowing attackers to manipulate block timestamps.

The Unchecked Low Level Calls vulnerability allows call to low-level functions like 'call()' without checking return values, which can silently fail. This is achieved through the use of incorrect restriction of function access, allowing call to low-level functions like 'call()' without checking return values.

The OddsAndEvens smart contract's design must be reviewed to ensure that these vulnerabilities are not present in the code.</s>","You are a semantic analyzer of text. Here are nine common vulnerabilities. 
ID: Access Control
Description: Improper restriction of function access, allowing unauthorized users to execute critical functions.
         
ID: Arithmetic
Description: Missing or incorrect integer overflow/underflow checks, leading to unexpected values.

ID: Bad Randomness
Description: Use of predictable values for randomness, which attackers can manipulate.

ID: Denial Of Service
Description: Malicious actions that consume excessive gas or exploit fallback behavior to block contract functionality.

ID: Front Running
Description: Exploiting transaction order to manipulate outcomes before others.

ID: Reentrancy
Description: Recursive calls into the same contract before the initial function completes, leading to unexpected state changes.

ID: Short Addresses
Description: Failure to validate input lengths, allowing crafted shorter inputs to corrupt parameters.

ID: Time Manipulation
Description: Dependence on block timestamps that miners can influence.

ID: Unchecked Low Level Calls
Description: Calls to low-level functions like 'call()' without checking return values, which can silently fail.The following text is a vulnerability detection result for a smart contract. Use 0 or 1 to indicate whether there are specific types of vulnerabilities. No explanations or extra text. For example: “Reentrancy: 1”. Think step by step, carefully. 
The input is:
The vulnerabilities detailed in the nine bullet points above are all related to the smart contract's access control, arithmetic, denial of service, front running, reentrancy, short address, and time manipulation vulnerabilities. 

The Access Control vulnerability allows unauthorized users to execute critical functions, leading to unexpected values. This is achieved through the implementation of incorrect restriction of function access, allowing unauthorized users to execute critical functions.

The Arithmetic vulnerability allows attackers to manipulate critical functions by using predictable values for integer overflow/underflow. This is achieved through the use of improper restriction of function access, allowing attackers to manipulate critical functions.

The Bad Randomness vulnerability allows attackers to manipulate outcomes before others by using predictable values for randomness. This is achieved through the use of improper restriction of function access, allowing attackers to manipulate outcomes before others.

The Denial Of Service vulnerability allows attackers to consume excessive gas or exploit fallback behavior to block contract functionality. This is achieved through the use of incorrect restriction of function access, allowing attackers to consume excessive gas or exploit fallback behavior.

The Front Running vulnerability allows attackers to manipulate outcomes before others by exploiting recursive calls into the same contract before the initial function completes. This is achieved through the use of incorrect restriction of function access, allowing attackers to manipulate outcomes before others.

The Reentrancy vulnerability allows attackers to rely on input lengths without checking return values, leading to unexpected state changes. This is achieved through the use of incorrect restriction of function access, allowing attackers to rely on input lengths without checking return values.

The Short Address vulnerability allows attackers to influence input lengths, leading to unexpected state changes. This is achieved through the use of incorrect restriction of function access, allowing attackers to influence input lengths.

The Time Manipulation vulnerability allows attackers to manipulate block timestamps, leading to unexpected outcomes. This is achieved through the use of incorrect restriction of function access, allowing attackers to manipulate block timestamps.

The Unchecked Low Level Calls vulnerability allows call to low-level functions like 'call()' without checking return values, which can silently fail. This is achieved through the use of incorrect restriction of function access, allowing call to low-level functions like 'call()' without checking return values.

The OddsAndEvens smart contract's design must be reviewed to ensure that these vulnerabilities are not present in the code.</s>.","According to the text material, nine vulnerabilities are identified in a smart contract:

1. Access Control: The vulnerability allows unauthorized users to execute critical functions, leading to unexpected values.
2. Arithmetic: The vulnerability allows attackers to manipulate critical functions by using predictable values for integer overflow/underflow.
3. Bad Randomness: The vulnerability allows attackers to manipulate outcomes before others by using predictable values for randomness.
4. Denial Of Service: The vulnerability allows attackers to consume excessive gas or exploit fallback behavior to block contract functionality.
5. Front Running: The vulnerability allows attackers to manipulate outcomes before others by exploiting recursive calls into the same contract before the initial function completes.
6. Reentrancy: The vulnerability allows attackers to rely on input lengths without checking return values, leading to unexpected state changes.
7. Short Addresses: The vulnerability allows attackers to influence input lengths, leading to unexpected state changes.
8. Time Manipulation: The vulnerability allows attackers to manipulate block timestamps, leading to unexpected outcomes.
9. Unchecked Low Level Calls: The vulnerability allows call to low-level functions like 'call()' without checking return values, which can silently fail.

The text further highlights the importance of conducting an analysis of the code to identify and mitigate these vulnerabilities. It suggests that the OddsAndEvens smart contract's design must be reviewed to ensure that these vulnerabilities are not present in the code.</s>"
